{
  "head": "busemann",
  "layer": 1,
  "n_eval": 33791,
  "detection_43": {
    "auroc": 0.9473214145560276,
    "n_known": 13482,
    "n_unknown": 20309,
    "aupr_known": 0.9246240090873921,
    "aupr_unknown": 0.9620699046090792,
    "eer": 0.11634025446153765,
    "eer_threshold": 0.5423284769058228,
    "f1_unknown": 0.8971111789238125,
    "f1_known": 0.8568193078066387,
    "macro_f1": 0.8769652433652256,
    "precision_unknown": 0.9276360767814883,
    "recall_unknown": 0.8685311930671131,
    "precision_known": 0.8193015701136979,
    "recall_known": 0.8979379913959353,
    "accuracy": 0.8802639756148086,
    "balanced_accuracy": 0.8832345922315242,
    "threshold": 0.5
  },
  "detection_41": {
    "auroc": 0.9554808747405148,
    "n_known": 13482,
    "n_unknown": 12809,
    "aupr_known": 0.9495888001044539,
    "aupr_unknown": 0.9575534231907058,
    "eer": 0.09204665678519852,
    "eer_threshold": 0.45945972204208374,
    "f1_unknown": 0.9040407942517192,
    "f1_known": 0.9069523524123464,
    "macro_f1": 0.9054965733320328,
    "precision_unknown": 0.8947770895465321,
    "recall_unknown": 0.9134983214927005,
    "precision_known": 0.9161495383683972,
    "recall_known": 0.8979379913959353,
    "accuracy": 0.905518998896961,
    "balanced_accuracy": 0.905718156444318,
    "threshold": 0.5
  },
  "oscr": {
    "au_oscr": 0.925154347821339,
    "ccr_at_fpr10": 0.8600356030262573
  },
  "closed_set": {
    "top1": 0.9692182168817682,
    "top1_accepted": 0.9886832975384107,
    "accept_rate": 0.8979379913959353,
    "unknown_reject_rate": 0.8685311930671131
  },
  "open_set_acc": {
    "balanced_open_set_acc": 0.8827128535509063,
    "known_macro_recall": 0.8968945140346994,
    "unknown_recall": 0.8685311930671131,
    "n_classes_seen": 21,
    "per_class_recall": {
      "0": 0.9133333333333333,
      "1": 0.9933333333333333,
      "2": 0.99,
      "3": 0.9966666666666667,
      "4": 0.9433333333333334,
      "5": 0.4236111111111111,
      "6": 0.14713216957605985,
      "7": 0.9933333333333333,
      "8": 1.0,
      "11": 0.99,
      "12": 0.8461538461538461,
      "13": 0.9358974358974359,
      "14": 0.967032967032967,
      "15": 1.0,
      "16": 0.9933333333333333,
      "18": 1.0,
      "19": 1.0,
      "20": 0.9966666666666667,
      "21": 0.9871794871794872,
      "22": 0.7544444444444445,
      "23": 0.9633333333333334
    }
  },
  "memorization": {
    "dev_auroc": 0.9578589988425926,
    "eval_auroc": 0.9473214145560276,
    "gap": 0.010537584286565038
  },
  "quadrants": {
    "lang_seen__model_seen": {
      "auroc": NaN,
      "n_known": 8591,
      "n_unknown": 0,
      "aupr_known": NaN,
      "aupr_unknown": NaN,
      "eer": NaN,
      "eer_threshold": NaN,
      "f1_unknown": NaN,
      "f1_known": NaN,
      "macro_f1": NaN,
      "precision_unknown": NaN,
      "recall_unknown": NaN,
      "precision_known": NaN,
      "recall_known": NaN,
      "accuracy": NaN,
      "balanced_accuracy": NaN,
      "threshold": 0.5
    },
    "lang_seen__model_not_seen": {
      "auroc": 0.9168296948024307,
      "n_known": 91,
      "n_unknown": 7409,
      "aupr_known": 0.07036136275989646,
      "aupr_unknown": 0.9988550839357149,
      "eer": 0.11149789608421005,
      "eer_threshold": 0.7918602228164673,
      "f1_unknown": 0.8955446282223215,
      "f1_known": 0.11153358681875791,
      "macro_f1": 0.5035391075205398,
      "precision_unknown": 0.9995010809911857,
      "recall_unknown": 0.8111755972465919,
      "precision_known": 0.05917955615332885,
      "recall_known": 0.967032967032967,
      "accuracy": 0.8130666666666667,
      "balanced_accuracy": 0.8891042821397794,
      "threshold": 0.5
    },
    "lang_not_seen__model_seen": {
      "auroc": NaN,
      "n_known": 4800,
      "n_unknown": 0,
      "aupr_known": NaN,
      "aupr_unknown": NaN,
      "eer": NaN,
      "eer_threshold": NaN,
      "f1_unknown": NaN,
      "f1_known": NaN,
      "macro_f1": NaN,
      "precision_unknown": NaN,
      "recall_unknown": NaN,
      "precision_known": NaN,
      "recall_known": NaN,
      "accuracy": NaN,
      "balanced_accuracy": NaN,
      "threshold": 0.5
    },
    "lang_not_seen__model_not_seen": {
      "auroc": NaN,
      "n_known": 0,
      "n_unknown": 12900,
      "aupr_known": NaN,
      "aupr_unknown": NaN,
      "eer": NaN,
      "eer_threshold": NaN,
      "f1_unknown": NaN,
      "f1_known": NaN,
      "macro_f1": NaN,
      "precision_unknown": NaN,
      "recall_unknown": NaN,
      "precision_known": NaN,
      "recall_known": NaN,
      "accuracy": NaN,
      "balanced_accuracy": NaN,
      "threshold": 0.5
    }
  },
  "ablation": {
    "p_max": 0.9102996316318019,
    "neg_entropy": 0.8962797402881745,
    "margin": 0.9104008493051746,
    "energy": 0.19531412244244314,
    "near": 0.9250959597523409,
    "neg_maha": 0.9263562465179261,
    "radius": 0.8251878434426065,
    "learned_gate": 0.9473214145560276
  }
}