{
  "head": "busemann",
  "layer": 5,
  "n_eval": 33791,
  "detection_43": {
    "auroc": 0.960420624625022,
    "n_known": 13482,
    "n_unknown": 20309,
    "aupr_known": 0.9374898726738159,
    "aupr_unknown": 0.9717967347224672,
    "eer": 0.09779950060834694,
    "eer_threshold": 0.5067188143730164,
    "f1_unknown": 0.9172118204376268,
    "f1_known": 0.8806935163445909,
    "macro_f1": 0.8989526683911089,
    "precision_unknown": 0.9340923014090259,
    "recall_unknown": 0.9009306218917721,
    "precision_known": 0.8583397873688657,
    "recall_known": 0.9042426939623202,
    "accuracy": 0.9022520789559351,
    "balanced_accuracy": 0.9025866579270461,
    "threshold": 0.5
  },
  "detection_41": {
    "auroc": 0.9674570735147667,
    "n_known": 13482,
    "n_unknown": 12809,
    "aupr_known": 0.958762765924707,
    "aupr_unknown": 0.969091561502674,
    "eer": 0.06549777672757792,
    "eer_threshold": 0.3824499249458313,
    "f1_unknown": 0.9242799923707802,
    "f1_known": 0.9247165016877157,
    "macro_f1": 0.924498247029248,
    "precision_unknown": 0.9036998358943756,
    "recall_unknown": 0.9458193457725037,
    "precision_known": 0.946138921226232,
    "recall_known": 0.9042426939623202,
    "accuracy": 0.9244988779430223,
    "balanced_accuracy": 0.9250310198674119,
    "threshold": 0.5
  },
  "oscr": {
    "au_oscr": 0.9482369845463322,
    "ccr_at_fpr10": 0.9020175048212431
  },
  "closed_set": {
    "top1": 0.9834594273846611,
    "top1_accepted": 0.9971290296120089,
    "accept_rate": 0.9042426939623202,
    "unknown_reject_rate": 0.9009306218917721
  },
  "open_set_acc": {
    "balanced_open_set_acc": 0.892283589432761,
    "known_macro_recall": 0.8836365569737498,
    "unknown_recall": 0.9009306218917721,
    "n_classes_seen": 21,
    "per_class_recall": {
      "0": 0.91,
      "1": 0.99,
      "2": 0.9666666666666667,
      "3": 1.0,
      "4": 0.8922222222222222,
      "5": 0.2986111111111111,
      "6": 0.23192019950124687,
      "7": 0.9933333333333333,
      "8": 1.0,
      "11": 0.97,
      "12": 0.7756410256410257,
      "13": 0.8564102564102564,
      "14": 0.967032967032967,
      "15": 0.9966666666666667,
      "16": 0.9833333333333333,
      "18": 0.9933333333333333,
      "19": 1.0,
      "20": 0.99,
      "21": 0.9756410256410256,
      "22": 0.8488888888888889,
      "23": 0.9166666666666666
    }
  },
  "memorization": {
    "dev_auroc": 0.9686334635416667,
    "eval_auroc": 0.960420624625022,
    "gap": 0.008212838916644705
  },
  "quadrants": {
    "lang_seen__model_seen": {
      "auroc": NaN,
      "n_known": 8591,
      "n_unknown": 0,
      "aupr_known": NaN,
      "aupr_unknown": NaN,
      "eer": NaN,
      "eer_threshold": NaN,
      "f1_unknown": NaN,
      "f1_known": NaN,
      "macro_f1": NaN,
      "precision_unknown": NaN,
      "recall_unknown": NaN,
      "precision_known": NaN,
      "recall_known": NaN,
      "accuracy": NaN,
      "balanced_accuracy": NaN,
      "threshold": 0.5
    },
    "lang_seen__model_not_seen": {
      "auroc": 0.9554195298560261,
      "n_known": 91,
      "n_unknown": 7409,
      "aupr_known": 0.1319600733443764,
      "aupr_unknown": 0.9994177943601419,
      "eer": 0.06866685750475734,
      "eer_threshold": 0.7896488308906555,
      "f1_unknown": 0.934598246370562,
      "f1_known": 0.16206261510128914,
      "macro_f1": 0.5483304307359256,
      "precision_unknown": 0.9995388162951576,
      "recall_unknown": 0.8775813200161965,
      "precision_known": 0.08844221105527639,
      "recall_known": 0.967032967032967,
      "accuracy": 0.8786666666666667,
      "balanced_accuracy": 0.9223071435245818,
      "threshold": 0.5
    },
    "lang_not_seen__model_seen": {
      "auroc": NaN,
      "n_known": 4800,
      "n_unknown": 0,
      "aupr_known": NaN,
      "aupr_unknown": NaN,
      "eer": NaN,
      "eer_threshold": NaN,
      "f1_unknown": NaN,
      "f1_known": NaN,
      "macro_f1": NaN,
      "precision_unknown": NaN,
      "recall_unknown": NaN,
      "precision_known": NaN,
      "recall_known": NaN,
      "accuracy": NaN,
      "balanced_accuracy": NaN,
      "threshold": 0.5
    },
    "lang_not_seen__model_not_seen": {
      "auroc": NaN,
      "n_known": 0,
      "n_unknown": 12900,
      "aupr_known": NaN,
      "aupr_unknown": NaN,
      "eer": NaN,
      "eer_threshold": NaN,
      "f1_unknown": NaN,
      "f1_known": NaN,
      "macro_f1": NaN,
      "precision_unknown": NaN,
      "recall_unknown": NaN,
      "precision_known": NaN,
      "recall_known": NaN,
      "accuracy": NaN,
      "balanced_accuracy": NaN,
      "threshold": 0.5
    }
  },
  "ablation": {
    "p_max": 0.9413363635671042,
    "neg_entropy": 0.9389100995318809,
    "margin": 0.9390869218475458,
    "energy": 0.12015248916917207,
    "near": 0.9464395837901806,
    "neg_maha": 0.9455643891112397,
    "radius": 0.8976664030566057,
    "learned_gate": 0.960420624625022
  }
}