{
  "head": "euclidean",
  "layer": 5,
  "n_eval": 33791,
  "detection_43": {
    "auroc": 0.9761376267157508,
    "n_known": 13482,
    "n_unknown": 20309,
    "aupr_known": 0.9546721584830946,
    "aupr_unknown": 0.9822573615075338,
    "eer": 0.05969360861706366,
    "eer_threshold": 0.48244282603263855,
    "f1_unknown": 0.9502743228817556,
    "f1_known": 0.9266327240760411,
    "macro_f1": 0.9384535234788984,
    "precision_unknown": 0.9582916082515521,
    "recall_unknown": 0.9423900733664877,
    "precision_known": 0.9153339604891816,
    "recall_known": 0.9382139148494288,
    "accuracy": 0.9407238613832085,
    "balanced_accuracy": 0.9403019941079582,
    "threshold": 0.5
  },
  "detection_41": {
    "auroc": 0.9727230939008508,
    "n_known": 13482,
    "n_unknown": 12809,
    "aupr_known": 0.9609259799781794,
    "aupr_unknown": 0.9735868347444794,
    "eer": 0.059792558425966744,
    "eer_threshold": 0.4832752048969269,
    "f1_unknown": 0.9382418181110636,
    "f1_known": 0.9409708015622094,
    "macro_f1": 0.9396063098366365,
    "precision_unknown": 0.9353662321539417,
    "recall_unknown": 0.9411351393551409,
    "precision_known": 0.9437439379243453,
    "recall_known": 0.9382139148494288,
    "accuracy": 0.9396371381841695,
    "balanced_accuracy": 0.9396745271022848,
    "threshold": 0.5
  },
  "oscr": {
    "au_oscr": 0.9673285317866263,
    "ccr_at_fpr10": 0.9567571576917371
  },
  "closed_set": {
    "top1": 0.9885773624091381,
    "top1_accepted": 0.9979445015416238,
    "accept_rate": 0.9382139148494288,
    "unknown_reject_rate": 0.9423900733664877
  },
  "open_set_acc": {
    "balanced_open_set_acc": 0.9203051468589936,
    "known_macro_recall": 0.8982202203514993,
    "unknown_recall": 0.9423900733664877,
    "n_classes_seen": 21,
    "per_class_recall": {
      "0": 0.9266666666666666,
      "1": 0.9833333333333333,
      "2": 0.97,
      "3": 0.9933333333333333,
      "4": 0.9277777777777778,
      "5": 0.2986111111111111,
      "6": 0.30423940149625933,
      "7": 0.9966666666666667,
      "8": 0.9933333333333333,
      "11": 0.9766666666666667,
      "12": 0.8205128205128205,
      "13": 0.9205128205128205,
      "14": 0.978021978021978,
      "15": 1.0,
      "16": 0.9666666666666667,
      "18": 0.99,
      "19": 1.0,
      "20": 0.9833333333333333,
      "21": 0.9846153846153847,
      "22": 0.945,
      "23": 0.9033333333333333
    }
  },
  "memorization": {
    "dev_auroc": 0.9859300347222222,
    "eval_auroc": 0.9761376267157508,
    "gap": 0.00979240800647141
  },
  "quadrants": {
    "lang_seen__model_seen": {
      "auroc": NaN,
      "n_known": 8591,
      "n_unknown": 0,
      "aupr_known": NaN,
      "aupr_unknown": NaN,
      "eer": NaN,
      "eer_threshold": NaN,
      "f1_unknown": NaN,
      "f1_known": NaN,
      "macro_f1": NaN,
      "precision_unknown": NaN,
      "recall_unknown": NaN,
      "precision_known": NaN,
      "recall_known": NaN,
      "accuracy": NaN,
      "balanced_accuracy": NaN,
      "threshold": 0.5
    },
    "lang_seen__model_not_seen": {
      "auroc": 0.9730962788055513,
      "n_known": 91,
      "n_unknown": 7409,
      "aupr_known": 0.29940252486726715,
      "aupr_unknown": 0.999660070322049,
      "eer": 0.06866685750475734,
      "eer_threshold": 0.8428239226341248,
      "f1_unknown": 0.9401501608866643,
      "f1_known": 0.17536945812807883,
      "macro_f1": 0.5577598095073716,
      "precision_unknown": 0.9996958637469586,
      "recall_unknown": 0.887299230665407,
      "precision_known": 0.09632034632034632,
      "recall_known": 0.978021978021978,
      "accuracy": 0.8884,
      "balanced_accuracy": 0.9326606043436925,
      "threshold": 0.5
    },
    "lang_not_seen__model_seen": {
      "auroc": NaN,
      "n_known": 4800,
      "n_unknown": 0,
      "aupr_known": NaN,
      "aupr_unknown": NaN,
      "eer": NaN,
      "eer_threshold": NaN,
      "f1_unknown": NaN,
      "f1_known": NaN,
      "macro_f1": NaN,
      "precision_unknown": NaN,
      "recall_unknown": NaN,
      "precision_known": NaN,
      "recall_known": NaN,
      "accuracy": NaN,
      "balanced_accuracy": NaN,
      "threshold": 0.5
    },
    "lang_not_seen__model_not_seen": {
      "auroc": NaN,
      "n_known": 0,
      "n_unknown": 12900,
      "aupr_known": NaN,
      "aupr_unknown": NaN,
      "eer": NaN,
      "eer_threshold": NaN,
      "f1_unknown": NaN,
      "f1_known": NaN,
      "macro_f1": NaN,
      "precision_unknown": NaN,
      "recall_unknown": NaN,
      "precision_known": NaN,
      "recall_known": NaN,
      "accuracy": NaN,
      "balanced_accuracy": NaN,
      "threshold": 0.5
    }
  },
  "ablation": {
    "p_max": 0.966259780311996,
    "neg_entropy": 0.9698659384078078,
    "margin": 0.9632800695505733,
    "energy": 0.9740220790974956,
    "near": 0.9683574649137083,
    "neg_maha": 0.9646484785147355,
    "learned_gate": 0.9761376267157508
  }
}