{
  "head": "euclidean",
  "layer": 1,
  "n_eval": 33791,
  "detection_43": {
    "auroc": 0.968647111663444,
    "n_known": 13482,
    "n_unknown": 20309,
    "aupr_known": 0.9462590059128727,
    "aupr_unknown": 0.9770240648396858,
    "eer": 0.08147891043911545,
    "eer_threshold": 0.5512493848800659,
    "f1_unknown": 0.9293355431670937,
    "f1_known": 0.8986311239193083,
    "macro_f1": 0.913983333543201,
    "precision_unknown": 0.9482908830010762,
    "recall_unknown": 0.9111231473730859,
    "precision_known": 0.8735817341364337,
    "recall_known": 0.9251594718884438,
    "accuracy": 0.9167233878843479,
    "balanced_accuracy": 0.9181413096307649,
    "threshold": 0.5
  },
  "detection_41": {
    "auroc": 0.9673696601265782,
    "n_known": 13482,
    "n_unknown": 12809,
    "aupr_known": 0.9569133239380243,
    "aupr_unknown": 0.9677557139158967,
    "eer": 0.08059328799291135,
    "eer_threshold": 0.5457953214645386,
    "f1_unknown": 0.9185677949520641,
    "f1_known": 0.9230029230029231,
    "macro_f1": 0.9207853589774936,
    "precision_unknown": 0.9208379099325279,
    "recall_unknown": 0.9163088453431181,
    "precision_known": 0.9208564045773349,
    "recall_known": 0.9251594718884438,
    "accuracy": 0.9208474382868662,
    "balanced_accuracy": 0.9207341586157809,
    "threshold": 0.5
  },
  "oscr": {
    "au_oscr": 0.9561672508358822,
    "ccr_at_fpr10": 0.9292389853137517
  },
  "closed_set": {
    "top1": 0.9835336003560302,
    "top1_accepted": 0.996071514471258,
    "accept_rate": 0.9251594718884438,
    "unknown_reject_rate": 0.9111231473730859
  },
  "open_set_acc": {
    "balanced_open_set_acc": 0.9014329018200726,
    "known_macro_recall": 0.8917426562670594,
    "unknown_recall": 0.9111231473730859,
    "n_classes_seen": 21,
    "per_class_recall": {
      "0": 0.8733333333333333,
      "1": 0.9833333333333333,
      "2": 0.9766666666666667,
      "3": 0.9933333333333333,
      "4": 0.9655555555555555,
      "5": 0.3055555555555556,
      "6": 0.18952618453865336,
      "7": 0.99,
      "8": 0.9966666666666667,
      "11": 0.9733333333333334,
      "12": 0.8717948717948718,
      "13": 0.9282051282051282,
      "14": 0.9560439560439561,
      "15": 0.9933333333333333,
      "16": 0.9666666666666667,
      "18": 0.99,
      "19": 1.0,
      "20": 0.99,
      "21": 0.9776923076923076,
      "22": 0.9022222222222223,
      "23": 0.9033333333333333
    }
  },
  "memorization": {
    "dev_auroc": 0.9809461516203704,
    "eval_auroc": 0.968647111663444,
    "gap": 0.012299039956926383
  },
  "quadrants": {
    "lang_seen__model_seen": {
      "auroc": NaN,
      "n_known": 8591,
      "n_unknown": 0,
      "aupr_known": NaN,
      "aupr_unknown": NaN,
      "eer": NaN,
      "eer_threshold": NaN,
      "f1_unknown": NaN,
      "f1_known": NaN,
      "macro_f1": NaN,
      "precision_unknown": NaN,
      "recall_unknown": NaN,
      "precision_known": NaN,
      "recall_known": NaN,
      "accuracy": NaN,
      "balanced_accuracy": NaN,
      "threshold": 0.5
    },
    "lang_seen__model_not_seen": {
      "auroc": 0.9685769757304378,
      "n_known": 91,
      "n_unknown": 7409,
      "aupr_known": 0.2842094133761961,
      "aupr_unknown": 0.9995885593275947,
      "eer": 0.08977869208669587,
      "eer_threshold": 0.839648962020874,
      "f1_unknown": 0.9151178106249085,
      "f1_known": 0.13043478260869565,
      "macro_f1": 0.522776296616802,
      "precision_unknown": 0.9993607159980822,
      "recall_unknown": 0.8439735456876771,
      "precision_known": 0.06999195494770716,
      "recall_known": 0.9560439560439561,
      "accuracy": 0.8453333333333334,
      "balanced_accuracy": 0.9000087508658166,
      "threshold": 0.5
    },
    "lang_not_seen__model_seen": {
      "auroc": NaN,
      "n_known": 4800,
      "n_unknown": 0,
      "aupr_known": NaN,
      "aupr_unknown": NaN,
      "eer": NaN,
      "eer_threshold": NaN,
      "f1_unknown": NaN,
      "f1_known": NaN,
      "macro_f1": NaN,
      "precision_unknown": NaN,
      "recall_unknown": NaN,
      "precision_known": NaN,
      "recall_known": NaN,
      "accuracy": NaN,
      "balanced_accuracy": NaN,
      "threshold": 0.5
    },
    "lang_not_seen__model_not_seen": {
      "auroc": NaN,
      "n_known": 0,
      "n_unknown": 12900,
      "aupr_known": NaN,
      "aupr_unknown": NaN,
      "eer": NaN,
      "eer_threshold": NaN,
      "f1_unknown": NaN,
      "f1_known": NaN,
      "macro_f1": NaN,
      "precision_unknown": NaN,
      "recall_unknown": NaN,
      "precision_known": NaN,
      "recall_known": NaN,
      "accuracy": NaN,
      "balanced_accuracy": NaN,
      "threshold": 0.5
    }
  },
  "ablation": {
    "p_max": 0.958693487136864,
    "neg_entropy": 0.9622013073361468,
    "margin": 0.955383997187088,
    "energy": 0.9669250069368474,
    "near": 0.9614811750357292,
    "neg_maha": 0.9523034193655802,
    "learned_gate": 0.968647111663444
  }
}